"study","subj","mean_conf","sd_conf","sd_criterion_fluctuations","a","sigmasq","mu_x"
"Adler_2018_Expt1_taskA","1_Adler_2018_Expt1_taskA",0.10170912459472,0.164349749871373,0.703921346928687,0.86272436,0.30052477,0.50174224
"Adler_2018_Expt1_taskA","2_Adler_2018_Expt1_taskA",0.351616489115331,0.259391762399711,0.492406090135717,0.9348619,0.0674569,0.6596772
"Adler_2018_Expt1_taskA","3_Adler_2018_Expt1_taskA",0.219249652616952,0.219749820296855,0.0747796219001101,0.6348345,0.07679816,-0.15282622
"Adler_2018_Expt1_taskA","4_Adler_2018_Expt1_taskA",0.172172301991663,0.288869927454891,0.602948364443469,0.95800704,0.057158507,0.59403265
"Adler_2018_Expt1_taskA","5_Adler_2018_Expt1_taskA",0.38463177396943,0.38179037905696,0.163726347218228,0.7271431,0.09976618,-0.19775169
"Adler_2018_Expt1_taskA","6_Adler_2018_Expt1_taskA",0.623381194997684,0.240681490421604,0.316143353042537,0.84320956,0.1246284,-0.14064911
"Adler_2018_Expt1_taskA","7_Adler_2018_Expt1_taskA",0.334497452524317,0.240837307688793,0.387174846541956,0.92801696,0.054254986,-0.7014311
"Adler_2018_Expt1_taskA","8_Adler_2018_Expt1_taskA",0.432931912922649,0.388750249794269,0.212817301233621,0.79099095,0.10187338,-0.26797757
"Adler_2018_Expt1_taskA","9_Adler_2018_Expt1_taskA",0.257461787864752,0.27263422572531,0.1581255532284,0.7493762,0.09536106,0.0076191295
"Adler_2018_Expt1_taskA","10_Adler_2018_Expt1_taskA",0.257614636405743,0.293621419813119,0.355054887410288,0.8713879,0.10329789,-0.048004415
"Adler_2018_Expt1_taskA","11_Adler_2018_Expt1_taskA",0.43170912459472,0.411727409063976,0.182192316134128,0.7052964,0.15582472,-0.3365723
"Adler_2018_Expt1_taskB","1_Adler_2018_Expt1_taskB",0.0856600277906438,0.154579813223938,0.42857023558176,0.9446644,0.04141693,0.44534588
"Adler_2018_Expt1_taskB","2_Adler_2018_Expt1_taskB",0.322880963408986,0.306878270106227,0.262998864578835,0.8111569,0.12801029,0.48075387
"Adler_2018_Expt1_taskB","3_Adler_2018_Expt1_taskB",0.324867994441871,0.238421921573793,0.0694539203973682,0.63722825,0.07018815,-0.11623099
"Adler_2018_Expt1_taskB","4_Adler_2018_Expt1_taskB",0.248749421028254,0.358435111447053,0.332744461146718,0.85794824,0.11640918,-0.070427336
"Adler_2018_Expt1_taskB","5_Adler_2018_Expt1_taskB",0.467017137563687,0.365629568872484,0.143552198893003,0.7157162,0.09424119,0.098030366
"Adler_2018_Expt1_taskB","6_Adler_2018_Expt1_taskB",0.656855025474757,0.230031776044651,0.583481137656182,0.926041,0.12407184,0.4816017
"Adler_2018_Expt1_taskB","7_Adler_2018_Expt1_taskB",0.262964335340435,0.226469077215946,0.210337481896774,0.8154031,0.085255794,-0.4223486
"Adler_2018_Expt1_taskB","8_Adler_2018_Expt1_taskB",0.36797128300139,0.368128872332545,0.3793877445203,0.84458286,0.14883648,-0.2675883
"Adler_2018_Expt1_taskB","9_Adler_2018_Expt1_taskB",0.342445576655859,0.248720998332879,0.351130519599763,0.93281806,0.042408776,-0.9848023
"Adler_2018_Expt1_taskB","10_Adler_2018_Expt1_taskB",0.193571097730431,0.254639040930737,0.475846304833698,0.9022614,0.10805069,-0.25142708
"Adler_2018_Expt1_taskB","11_Adler_2018_Expt1_taskB",0.601523853635943,0.406657688580825,0.13001472124772,0.7106221,0.09450979,0.050215602
"Adler_2018_Expt3","1_Adler_2018_Expt3",0.249731398579809,0.309687057527416,0.150152963687159,0.6425997,0.14891154,0.050033305
"Adler_2018_Expt3","2_Adler_2018_Expt3",0.125331892559432,0.217946943903455,0.105703764130206,0.6451809,0.08517087,-0.59147716
"Adler_2018_Expt3","3_Adler_2018_Expt3",0.618650818153751,0.447470553506605,0.0965426212593689,0.59901005,0.0980365,-0.31598714
"Adler_2018_Expt3","4_Adler_2018_Expt3",0.27968508799012,0.32360914379261,0.527069032328628,0.97558695,0.021798106,-0.39956662
"Adler_2018_Expt3","5_Adler_2018_Expt3",0.460324174127817,0.269051567587629,0.0733622887898655,0.61720353,0.07095267,-0.46464926
"Adler_2018_Expt3","6_Adler_2018_Expt3",0.0519759184933622,0.132446866199865,0.783235561445547,0.98242927,0.03033739,-0.8518501
"Adler_2018_Expt3","7_Adler_2018_Expt3",0.400518678604508,0.360260495545934,0.0589344234289867,0.55053145,0.07051651,0.072163165
"Adler_2018_Expt3","8_Adler_2018_Expt3",0.269496758258722,0.317754863209449,0.106903973658407,0.6140061,0.099215426,0.2096453
"Adler_2018_Expt3","10_Adler_2018_Expt3",0.214785427601111,0.16224264637865,0.32819870517665,0.795703,0.19122098,-0.788102
"Adler_2018_Expt3","11_Adler_2018_Expt3",0.346214881136153,0.324234830924342,0.0579728870134705,0.54343927,0.0649234,0.066933796
"Adler_2018_Expt3","12_Adler_2018_Expt3",0.264402593393023,0.226842343356376,0.0825145333743457,0.5534948,0.09806504,-0.18152645
"Adler_2018_Expt3","13_Adler_2018_Expt3",0.72929607903674,0.32275709407039,0.207430403625303,0.8030248,0.082119696,-0.14853784
"Adler_2018_Expt3","14_Adler_2018_Expt3",0.387171966656375,0.341263817248645,0.0533128169166759,0.53394127,0.061201744,0.56300014
"Adler_2018_Expt3","15_Adler_2018_Expt3",0.607341772151899,0.424508222055135,0.0680512857132675,0.52240473,0.082700565,-0.22014461
"CalderTravis_unpub","1_CalderTravis_unpub",0.581423587544672,0.0927136081092,0.455969961571525,0.88264453,0.15538754,-0.035403624
"CalderTravis_unpub","2_CalderTravis_unpub",0.569280800079532,0.0251656140669396,0.336612423824875,0.8592659,0.13328935,-0.17011908
"CalderTravis_unpub","3_CalderTravis_unpub",0.652729354508706,0.106580594115682,0.28206668756987,0.8480283,0.10937597,-0.16756354
"CalderTravis_unpub","4_CalderTravis_unpub",0.681692491412227,0.155628089485416,1.08526247460922,0.89431095,0.42878821,-0.104473926
"CalderTravis_unpub","5_CalderTravis_unpub",0.5611101568635,0.0463929813256698,0.946318560743228,0.86518,0.48754174,-0.30542982
"CalderTravis_unpub","6_CalderTravis_unpub",0.715471284844552,0.1507472008409,0.245921338304415,0.86284065,0.074401535,0.059291072
"CalderTravis_unpub","7_CalderTravis_unpub",0.71918434703356,0.111672978331957,0.292282486481992,0.8650189,0.09233575,-0.7077174
"CalderTravis_unpub","8_CalderTravis_unpub",0.606801808551068,0.111233158381071,0.218888403303065,0.84476864,0.08153837,-0.22064205
"CalderTravis_unpub","9_CalderTravis_unpub",0.686147907258947,0.0864037225009573,0.16340367183028,0.8519579,0.0616824,-0.47397417
"CalderTravis_unpub","10_CalderTravis_unpub",0.663686042616344,0.102337102254489,0.739957495043903,0.88042295,0.27300662,-0.50589603
"CalderTravis_unpub","11_CalderTravis_unpub",0.720826013514679,0.110889085591831,0.486887640258186,0.8861328,0.13485113,0.006519451
"CalderTravis_unpub","12_CalderTravis_unpub",0.769251691567834,0.163995925001322,1.38385666084841,0.9229413,0.484963,-1.1352935
"CalderTravis_unpub","13_CalderTravis_unpub",0.664242568822385,0.131766958215796,0.19648150660268,0.8486511,0.06609848,0.4110914
"CalderTravis_unpub","14_CalderTravis_unpub",0.64384290860903,0.0909134281007591,0.46028139408835,0.8618817,0.17876053,-0.6858568
"CalderTravis_unpub","15_CalderTravis_unpub",0.776004867562472,0.21471408726155,0.445319787608476,0.896504,0.09948217,0.29264387
"CalderTravis_unpub","16_CalderTravis_unpub",0.949847096643638,0.0711594491990206,1.00038069544058,0.88700956,0.4388642,0.4447291
"CalderTravis_unpub","17_CalderTravis_unpub",0.830400853297515,0.191258475597915,0.183804392958965,0.85032004,0.07746615,-0.39391017
"CalderTravis_unpub","18_CalderTravis_unpub",0.58466779251388,0.0607462537970667,0.184436576151518,0.85695887,0.0683598,-0.6910234
"CalderTravis_unpub","19_CalderTravis_unpub",0.596426457579507,0.0799529039448544,0.294661845612667,0.873688,0.08161649,-0.9071363
"CalderTravis_unpub","20_CalderTravis_unpub",0.747750416121432,0.10198379246829,0.271469211301593,0.85500073,0.092374206,-0.23782791
"CalderTravis_unpub","21_CalderTravis_unpub",0.865227738925073,0.103848289367038,0.634608484005813,0.87707454,0.2405534,0.28458917
"CalderTravis_unpub","22_CalderTravis_unpub",0.731072426549051,0.165257950460945,0.425145937873863,0.86485416,0.15802605,-0.4130119
"CalderTravis_unpub","23_CalderTravis_unpub",0.838999667187661,0.128852459658738,0.178076517325499,0.858693,0.06424887,-0.059959438
"CalderTravis_unpub","24_CalderTravis_unpub",0.731842781630866,0.0744241494295644,0.586163516429891,0.91255176,0.12647432,-0.24686548
"CalderTravis_unpub","25_CalderTravis_unpub",0.594958886332591,0.0600803471314467,0.145735424754201,0.84408456,0.052690323,0.30790055
"CalderTravis_unpub","26_CalderTravis_unpub",0.801124940857412,0.152096213072067,0.146537841425389,0.83941275,0.05466703,0.30496326
"CalderTravis_unpub","27_CalderTravis_unpub",0.724656457067832,0.183891609926031,1.19434925142297,0.945311,0.19394346,0.06603518
"CalderTravis_unpub","28_CalderTravis_unpub",0.564729009349055,0.0915129916811442,0.241989803327907,0.8627386,0.08800428,0.41207525
"CalderTravis_unpub","29_CalderTravis_unpub",0.75862774999298,0.145215217171344,0.340457495487306,0.8719128,0.11754229,-0.28293395
"CalderTravis_unpub","30_CalderTravis_unpub",0.689558966836797,0.151915144353912,0.249295656593205,0.86128634,0.09214338,-0.1857812
"CalderTravis_unpub","31_CalderTravis_unpub",0.587487956071271,0.11282212122145,0.613612851430808,0.8993231,0.16904624,0.31325483
"CalderTravis_unpub","32_CalderTravis_unpub",0.535964952742867,0.0342442623821741,0.392801841654722,0.90330166,0.07777371,-0.21404195
"CalderTravis_unpub","33_CalderTravis_unpub",0.661792653354515,0.147313738193396,0.558946183282518,0.88104373,0.18891656,-0.35647506
"CalderTravis_unpub","34_CalderTravis_unpub",0.686741683381895,0.124507619237331,0.148921825238375,0.837585,0.05967414,-0.49077013
"CalderTravis_unpub","35_CalderTravis_unpub",0.662568605466573,0.219422857204877,0.330347866379152,0.86931,0.11363738,-0.4328691
"CalderTravis_unpub","36_CalderTravis_unpub",0.659831945814181,0.132671473716287,0.400329288994902,0.8660899,0.14264683,-0.81014735
"CalderTravis_unpub","37_CalderTravis_unpub",0.697535459925294,0.139855006368013,0.166234738293902,0.8444208,0.058048096,0.7128565
"CalderTravis_unpub","38_CalderTravis_unpub",0.811791670863236,0.167362548024769,0.292789219214134,0.8823647,0.07935867,-0.29175296
"CalderTravis_unpub","39_CalderTravis_unpub",0.618763602529303,0.123628681246487,0.434158911791342,0.8906093,0.11421815,-0.7697919
"CalderTravis_unpub","40_CalderTravis_unpub",0.620758273610965,0.0844982020751323,0.39564054946773,0.85849637,0.1581227,0.66138
"CalderTravis_unpub","41_CalderTravis_unpub",0.635219736649888,0.0975575384149693,0.196502947225832,0.8567775,0.06779269,1.010537
"CalderTravis_unpub","42_CalderTravis_unpub",0.634071427639782,0.0990202173930091,0.309613050390031,0.88368213,0.071484804,-0.48421085
"CalderTravis_unpub","43_CalderTravis_unpub",0.743709781180182,0.0964030090885183,0.226409470346506,0.8569812,0.08294526,-0.65693635
"CalderTravis_unpub","44_CalderTravis_unpub",0.646217294104809,0.126954532498222,0.492301262724043,0.8660054,0.20529635,-0.60611224
"CalderTravis_unpub","45_CalderTravis_unpub",0.621802031465828,0.124739351593282,0.290675652552858,0.87119955,0.08827773,-0.48346403
"CalderTravis_unpub","46_CalderTravis_unpub",0.577982737534359,0.0296867104891548,0.132477624196981,0.8458554,0.07827655,0.22033356
"CalderTravis_unpub","47_CalderTravis_unpub",0.778558345267249,0.154644576001329,0.525216279415842,0.8755593,0.20740642,-1.8331292
"CalderTravis_unpub","48_CalderTravis_unpub",0.724919923063328,0.210191132298815,0.35728670262922,0.8814042,0.10039298,0.064501874
"Denison_2018","1_Denison_2018",0.481232051875868,0.276093262659241,0.0913553242569675,0.56378233,0.112324975,-0.24680461
"Denison_2018","2_Denison_2018",0.688188976377953,0.29241620624151,0.143188861736159,0.6411266,0.13044462,-0.4276179
"Denison_2018","3_Denison_2018",0.385668789808917,0.413038792790471,0.160866997695309,0.5904085,0.2051564,-0.15597259
"Denison_2018","4_Denison_2018",0.46227883279296,0.373847185790869,0.418891323761471,0.7874394,0.25866026,-0.32265005
"Denison_2018","5_Denison_2018",0.447299675775822,0.221671923489359,0.0907545945332659,0.60349727,0.09330262,-0.43360248
"Denison_2018","6_Denison_2018",0.304267515923567,0.335193211786973,0.0541629050262114,0.555311,0.06800359,-0.36432743
"Denison_2018","7_Denison_2018",0.625979620194534,0.357706694496902,0.22297392496995,0.7084566,0.1758332,-0.32782173
"Denison_2018","8_Denison_2018",0.625062528948587,0.445783648675672,0.165862505704069,0.68205,0.12935962,0.63499796
"Denison_2018","9_Denison_2018",0.0520893300248139,0.112056039854276,0.228324590686818,0.6832919,0.22678646,0.70580727
"Denison_2018","10_Denison_2018",0.918161411010155,0.16873938905657,0.173552015619562,0.64754486,0.16803062,-0.20514733
"Denison_2018","11_Denison_2018",0.39227420101899,0.370474818492025,0.0762621100201607,0.5908914,0.078664884,0.20645148
"Denison_2018","12_Denison_2018",0.463043075497916,0.341634643114929,0.0905508106777067,0.5978584,0.09438562,0.114437
"Filevich_unpub","1_Filevich_unpub",0.383816053511706,0.371662370345449,0.687095685131287,0.8852765,0.22943564,-0.21342555
"Filevich_unpub","2_Filevich_unpub",0.226698145025295,0.303038227251295,0.0875843987320362,0.59399056,0.0915521,-1.5409379
"Filevich_unpub","3_Filevich_unpub",0.337885328836425,0.289756608610947,0.117293039032954,0.5976201,0.120448515,-0.91544014
"Filevich_unpub","4_Filevich_unpub",0.290472175379427,0.329163486732856,0.162670294961351,0.61057776,0.15149477,-0.49694586
"Filevich_unpub","5_Filevich_unpub",0.371711375212224,0.347996312567907,0.107150574801112,0.56187046,0.13407576,-0.7431973
"Filevich_unpub","6_Filevich_unpub",0.259753794266442,0.265755247253003,0.130901943706447,0.59709454,0.11772434,-0.33004802
"Filevich_unpub","7_Filevich_unpub",0.259010169491525,0.307091680782374,0.0799848832296206,0.55658245,0.10063131,-0.5043543
"Filevich_unpub","8_Filevich_unpub",0.370844221105528,0.290752802454546,0.126189234403124,0.61305285,0.11328703,-0.67024475
"Filevich_unpub","9_Filevich_unpub",0.233548387096774,0.31899313288561,0.110714846732441,0.5834729,0.11213867,-0.16854076
"Filevich_unpub","10_Filevich_unpub",0.414277591973244,0.357106363202083,0.116691473468405,0.58009905,0.12196178,-0.08533021
"Filevich_unpub","11_Filevich_unpub",0.374293015332198,0.31856760685739,0.115295900440903,0.5662886,0.13887976,-0.5052357
"Filevich_unpub","12_Filevich_unpub",0.800260105448155,0.223381382584136,0.230967541228976,0.68831515,0.16384484,-1.0200866
"Filevich_unpub","13_Filevich_unpub",0.377373493975904,0.368581558727713,0.0798348586824121,0.5469113,0.10506034,-0.21744797
"Filevich_unpub","14_Filevich_unpub",0.465469964664311,0.367361857702337,0.216929983774158,0.67492956,0.1600449,-0.6014281
"Filevich_unpub","15_Filevich_unpub",0.504637362637363,0.336754706682819,0.0979658322348498,0.5707977,0.11446045,-0.5896872
"Filevich_unpub","16_Filevich_unpub",0.55948322147651,0.31873586660303,0.0526161878032145,0.52056026,0.086451575,-0.8870222
"Filevich_unpub","17_Filevich_unpub",0.411597173144876,0.296801081014052,0.187554605066605,0.629297,0.20213017,-0.7310007
"Law_unpub","2_Law_unpub",0.464911366006257,0.40029369106779,0.925185147885157,0.7190679,1.3522643,-0.8237559
"Law_unpub","3_Law_unpub",0.410886339937435,0.244001836578557,2.3554173249155,0.90480286,1.588618,-1.4101136
"Law_unpub","4_Law_unpub",0.571240875912409,0.312503901199305,1.23947258653791,0.9284013,0.3552197,-0.47121745
"Law_unpub","5_Law_unpub",0.389207507820647,0.273008441804264,0.201734876261853,0.7902346,0.114310615,0.85808253
"Law_unpub","6_Law_unpub",0.333117831074035,0.265387764680392,1.3287481468738,0.69767207,2.5337965,-0.2547621
"Law_unpub","7_Law_unpub",0.340688216892596,0.212701447624005,2.05468536478774,0.8942209,1.3761357,-0.3429206
"Law_unpub","8_Law_unpub",0.395057351407716,0.301430777142687,0.203913986288814,0.76924086,0.12269591,-0.50949544
"Law_unpub","10_Law_unpub",0.489687174139729,0.348379646405297,0.499279355931058,0.84914553,0.25808734,0.023646643
"Law_unpub","11_Law_unpub",0.38473409801877,0.271484566271044,2.20135538588682,0.9450471,0.7487464,0.7687062
"Law_unpub","12_Law_unpub",0.320041710114703,0.27150857903222,0.407430374118794,0.8035423,0.2919129,0.124565326
"Law_unpub","13_Law_unpub",0.246058394160584,0.223970390065804,0.345279441634573,0.7542408,0.28091076,0.31346518
"Law_unpub","14_Law_unpub",0.512398331595412,0.238707558256585,0.697260369492006,0.8610042,0.41163623,-0.011548615
"Law_unpub","15_Law_unpub",0.765662148070907,0.3074250838625,0.217829385916511,0.8166763,0.10550761,-0.66313213
"Law_unpub","16_Law_unpub",0.410886339937435,0.323696271544723,0.267504235446213,0.8095745,0.12084954,-0.17713295
"Maniscalco_2017_expt2","1_Maniscalco_2017_expt2",0.34713163064833,0.334119515666926,0.558611418874628,0.93992156,0.08059528,1.2206551
"Maniscalco_2017_expt2","2_Maniscalco_2017_expt2",0.109326732673267,0.166466374226845,0.960406775822495,0.9067673,0.362457,-0.4684316
"Maniscalco_2017_expt2","3_Maniscalco_2017_expt2",0.367878192534381,0.307597076565574,0.360159153784399,0.87638324,0.11369129,0.3012708
"Maniscalco_2017_expt2","4_Maniscalco_2017_expt2",0.443732809430255,0.337611771116212,0.372286479830812,0.90818644,0.06330279,0.5926343
"Maniscalco_2017_expt2","5_Maniscalco_2017_expt2",0.29360396039604,0.44464503586658,0.704854060967564,0.9376403,0.11688067,0.58802575
"Maniscalco_2017_expt2","6_Maniscalco_2017_expt2",0.269332023575639,0.278439736365757,0.252346266469169,0.8555458,0.09707827,-0.39177054
"Maniscalco_2017_expt2","7_Maniscalco_2017_expt2",0.225893909626719,0.254921318226735,0.219777274636964,0.86956644,0.06843706,-0.4039082
"Maniscalco_2017_expt2","8_Maniscalco_2017_expt2",0.221355599214145,0.260767207842755,0.846581568648435,0.9550446,0.094939895,0.47828862
"Maniscalco_2017_expt2","9_Maniscalco_2017_expt2",0.34,0.31296255707381,1.42349490788605,0.9619639,0.22787502,-0.6086512
"Maniscalco_2017_expt2","10_Maniscalco_2017_expt2",0.205147347740668,0.234720112890887,0.692587071990569,0.9167139,0.15951276,-0.51727587
"Maniscalco_2017_expt2","11_Maniscalco_2017_expt2",0.602173913043478,0.224933911947189,0.660188452307959,0.9086054,0.16511318,-0.0040166653
"Maniscalco_2017_expt2","12_Maniscalco_2017_expt2",0.325088408644401,0.351990741818597,0.126832712851616,0.84886056,0.044132076,0.29446098
"Maniscalco_2017_expt2","13_Maniscalco_2017_expt2",0.477066929133858,0.372315452675027,0.516863273586616,0.9142999,0.107394755,-0.0785084
"Maniscalco_2017_expt2","14_Maniscalco_2017_expt2",0.548762278978389,0.357531233798185,0.432592272276348,0.89213175,0.11553991,0.65622795
"Maniscalco_2017_expt2","15_Maniscalco_2017_expt2",0.594145383104126,0.385184159967492,0.249648427511718,0.8782874,0.07257861,0.35880753
"Maniscalco_2017_expt2","16_Maniscalco_2017_expt2",0.853838582677165,0.247568111735504,0.523035712018991,0.9144349,0.13015129,0.28389397
"Maniscalco_2017_expt2","17_Maniscalco_2017_expt2",0.384734774066798,0.361510635195218,0.352268511294085,0.89651775,0.07872337,-0.6229748
"Maniscalco_2017_expt2","18_Maniscalco_2017_expt2",0.378251473477407,0.337756446202829,0.378761669572667,0.90539455,0.0795814,0.20437108
"Maniscalco_2017_expt2","19_Maniscalco_2017_expt2",0.414201183431953,0.367158061942251,0.190737284631756,0.8582723,0.06421703,0.4132732
"Maniscalco_2017_expt2","20_Maniscalco_2017_expt2",0.422337917485265,0.379918448248143,0.185074075760573,0.86507654,0.05446257,-0.10900384
"Maniscalco_2017_expt2","21_Maniscalco_2017_expt2",0.143555992141454,0.231791480986513,0.727459288478598,0.9403481,0.12655908,-0.98680353
"Maniscalco_2017_expt2","22_Maniscalco_2017_expt2",0.218762278978389,0.276368891598919,0.616076076887474,0.9371999,0.08820594,0.37099904
"Maniscalco_2017_expt2","23_Maniscalco_2017_expt2",0.586200787401575,0.250542478572793,1.02680044688369,0.89698446,0.43468976,0.32140005
"Maniscalco_2017_expt2","24_Maniscalco_2017_expt2",0.444381139489194,0.382382528044649,0.356147011258674,0.88365495,0.11973451,0.1984888
"Maniscalco_2017_expt2","25_Maniscalco_2017_expt2",0.223720472440945,0.271004662751238,1.01753455338165,0.96303546,0.110028915,0.25735447
"Maniscalco_2017_expt2","26_Maniscalco_2017_expt2",0.21434869739479,0.261894025467572,0.573407515594562,0.9064664,0.13755883,0.056761984
"Maniscalco_2017_expt2","27_Maniscalco_2017_expt2",0.502730844793713,0.360197627638182,0.799785782812172,0.9381555,0.14991076,-0.085264124
"Maniscalco_2017_expt2","28_Maniscalco_2017_expt2",0.329626719056974,0.307642256565713,0.404191343135185,0.8851515,0.13499266,-0.7917678
"Maniscalco_2017_expt2","29_Maniscalco_2017_expt2",0.376306483300589,0.320053687021403,0.307542209007842,0.8866967,0.07450601,0.55554384
"Maniscalco_2017_expt2","30_Maniscalco_2017_expt2",0.398666666666667,0.341927496635567,0.324471949421875,0.9012706,0.064100854,0.4729203
"Maniscalco_2017_expt2","31_Maniscalco_2017_expt2",0.760766208251474,0.369674791051993,0.353618957928493,0.90157515,0.07987722,-0.7809682
"Maniscalco_2017_expt2","32_Maniscalco_2017_expt2",0.761485148514851,0.377401269909093,0.299233509208309,0.8913814,0.08131195,1.1521873
"Maniscalco_2017_expt2","33_Maniscalco_2017_expt2",0.627125984251969,0.376350700775718,0.192146955204487,0.8615065,0.07593606,0.15410163
"Maniscalco_2017_expt2","34_Maniscalco_2017_expt2",0.36603550295858,0.294447064573351,0.529699977880147,0.9300935,0.08467233,0.75609094
"Maniscalco_2017_expt2","35_Maniscalco_2017_expt2",0.23585798816568,0.234498463107751,0.572203671950465,0.94179124,0.0685074,-0.76458585
"Maniscalco_2017_expt2","36_Maniscalco_2017_expt2",0.35426326129666,0.324447588438678,0.504832338674689,0.9046689,0.12857077,0.4430593
"Maniscalco_2017_expt2","37_Maniscalco_2017_expt2",0.466673228346457,0.421248912712368,0.612628352913016,0.93109757,0.103289865,0.28411594
"Maniscalco_2017_expt2","38_Maniscalco_2017_expt2",0.235,0.203358192496505,0.672772339273128,0.9168415,0.16448516,-0.2960321
"Maniscalco_2017_expt2","39_Maniscalco_2017_expt2",0.21811394891945,0.270196740040783,0.293736898174135,0.8983274,0.06293872,-0.05660198
"Maniscalco_2017_expt2","40_Maniscalco_2017_expt2",0.514094488188976,0.361560510687619,0.398396617712485,0.91338456,0.075586215,0.28740942
"Maniscalco_2017_expt2","41_Maniscalco_2017_expt2",0.526891089108911,0.372456503825436,0.526959687476849,0.90897083,0.12288883,-0.05155215
"Recht_unpub","1_Recht_unpub",0.581357951161406,0.48922081992735,0.191507969082715,0.71273607,0.14996013,-0.038071077
"Recht_unpub","2_Recht_unpub",0.633835616438356,0.478082120646989,0.0893140439210907,0.7010443,0.058303617,0.0019554358
"Recht_unpub","3_Recht_unpub",0.485836807623585,0.494776288093325,0.168111586901469,0.7439269,0.100353025,-0.08408886
"Recht_unpub","4_Recht_unpub",0.616736152471709,0.482367716472446,0.775533186113203,0.8044171,0.56064904,0.26571813
"Recht_unpub","5_Recht_unpub",0.594919594997022,0.486909303599407,0.272325892076395,0.76617503,0.16510198,-0.2380014
"Recht_unpub","6_Recht_unpub",0.67039309112567,0.466690309935058,0.119179333666184,0.7196205,0.07716544,0.25855684
"Recht_unpub","7_Recht_unpub",0.522394282310899,0.494841672338159,0.390242475528766,0.75617033,0.31687468,0.044056136
"Recht_unpub","8_Recht_unpub",0.792447885646218,0.403107298561749,0.622540738707113,0.7990256,0.41754395,0.013806789
"Recht_unpub","9_Recht_unpub",0.419207861822513,0.487653919013857,0.140975614994496,0.71010727,0.10295388,0.035275687
"Recht_unpub","10_Recht_unpub",0.370268016676593,0.476453037201171,0.170201927400359,0.7129147,0.12792073,0.045066163
"Shekhar_2021","1_Shekhar_2021",0.507866366559485,0.229039925021081,0.324315688401326,0.8982798,0.06955952,0.52546567
"Shekhar_2021","2_Shekhar_2021",0.463990868167203,0.263189771637433,0.590012032526325,0.90587634,0.14538805,-0.11030191
"Shekhar_2021","3_Shekhar_2021",0.396191254019293,0.265900479080486,0.432387021554203,0.87468255,0.15552047,0.12610726
"Shekhar_2021","4_Shekhar_2021",0.493598199356913,0.34637108441957,0.580122751515019,0.9505458,0.060499955,0.41634062
"Shekhar_2021","5_Shekhar_2021",0.258399099678457,0.309393692618202,0.71451656016842,0.9133251,0.16520865,0.2915082
"Shekhar_2021","6_Shekhar_2021",0.393476977491961,0.351891562860154,0.6056186706392,0.88721275,0.18748231,0.25809646
"Shekhar_2021","7_Shekhar_2021",0.222983344051447,0.119337076691623,0.421984239502671,0.9017376,0.10006787,-0.34443486
"Shekhar_2021","8_Shekhar_2021",0.364880514469453,0.365689394155973,0.583101454383789,0.97293663,0.029333161,0.19757229
"Shekhar_2021","9_Shekhar_2021",0.25989807073955,0.19441214852672,0.249733873757169,0.8619756,0.074218154,0.20686042
"Shekhar_2021","10_Shekhar_2021",0.760462443729904,0.320781501116415,0.273232900931838,0.90147996,0.053583033,-0.0970886
"Shekhar_2021","11_Shekhar_2021",0.441633633440514,0.296326571908539,0.322331970100261,0.8525105,0.12151971,0.29996592
"Shekhar_2021","12_Shekhar_2021",0.64290038585209,0.399425535776804,0.718500418936632,0.9487564,0.08910622,-0.23937999
"Shekhar_2021","13_Shekhar_2021",0.723570353697749,0.323106165924534,0.331309098402093,0.8684105,0.110224575,0.07431569
"Shekhar_2021","14_Shekhar_2021",0.582548938906752,0.243563022650308,0.372452429313869,0.8706379,0.11959245,-0.07680767
"Shekhar_2021","15_Shekhar_2021",0.31477498392283,0.226020767368951,0.177267116053169,0.8342349,0.06270476,0.054472473
"Shekhar_2021","16_Shekhar_2021",0.542288938906752,0.284870891722806,0.646217897969653,0.8474582,0.32024416,-0.18267547
"Shekhar_2021","17_Shekhar_2021",0.535345852090032,0.310880266906527,0.178168897267921,0.82413864,0.074479304,0.40573135
"Shekhar_2021","18_Shekhar_2021",0.809361864951768,0.267104320204678,0.628136762712568,0.8918172,0.19358413,0.39854026
"Shekhar_2021","19_Shekhar_2021",0.585474019292605,0.3143618273876,0.327327456325734,0.8770028,0.09327958,0.2833679
"Shekhar_2021","20_Shekhar_2021",0.344907909967846,0.253834212377193,0.494616597981983,0.951704,0.047683615,0.049899615
"Siedlecka_2021","1_Siedlecka_2021",0.796887567756601,0.261122295646067,0.362253130836858,0.8881008,0.07759157,0.012354818
"Siedlecka_2021","3_Siedlecka_2021",0.780527778590445,0.1898075359177,0.36494495027997,0.87407684,0.10328394,0.37119728
"Siedlecka_2021","4_Siedlecka_2021",0.943285861713106,0.162056439524595,0.463574233637395,0.91264564,0.08345508,0.18314907
"Siedlecka_2021","5_Siedlecka_2021",0.838331215134611,0.138088474238069,0.122329604524474,0.74650145,0.07437684,-0.24055624
"Siedlecka_2021","6_Siedlecka_2021",0.738183713455655,0.26156929235619,0.0866445593858567,0.6998758,0.06725808,-0.17427792
"Siedlecka_2021","7_Siedlecka_2021",0.348487647690655,0.1420073327523,0.359062748783326,0.8808053,0.08763192,-0.10134492
"Siedlecka_2021","8_Siedlecka_2021",0.568600862621671,0.196751920677181,0.151772158795031,0.77911115,0.0655104,0.32669267
"Siedlecka_2021","9_Siedlecka_2021",0.877055403761393,0.238503150743205,0.224969070640484,0.79765546,0.104015976,-0.18020643
"Siedlecka_2021","10_Siedlecka_2021",0.714629514200008,0.268372873517812,0.119129582162252,0.73792815,0.075173475,-0.31525236
"Siedlecka_2021","11_Siedlecka_2021",0.656596387876909,0.239081248021778,0.412512965553958,0.922681,0.049111526,-0.17424934
"Siedlecka_2021","12_Siedlecka_2021",0.603744023647509,0.234490660974293,0.306337820721276,0.8444778,0.1056477,-0.10361058
"Siedlecka_2021","13_Siedlecka_2021",0.727652045170842,0.233936033772779,0.165000656906228,0.77581537,0.07927918,-0.39414936
"Siedlecka_2021","14_Siedlecka_2021",0.718211732435876,0.248137712709701,0.148641836564105,0.7629139,0.08436483,0.6964134
"Siedlecka_2021","15_Siedlecka_2021",0.796194691126263,0.212261495713513,0.166003099291361,0.78491205,0.07354205,0.47480583
"Siedlecka_2021","16_Siedlecka_2021",0.557536140482267,0.232605038484147,0.548608316561729,0.9445986,0.059665494,-0.26295304
"Siedlecka_2021","18_Siedlecka_2021",0.685286381978111,0.243972833588999,0.167012633827671,0.7747562,0.08487509,0.068617724
"Siedlecka_2021","19_Siedlecka_2021",0.654766567581745,0.230666197939988,0.522920488862332,0.9576819,0.04282395,-0.64518946
"Siedlecka_2021","21_Siedlecka_2021",0.843126745435016,0.254309833305443,0.567225109869135,0.91804755,0.11346249,0.08685455
"Siedlecka_2021","22_Siedlecka_2021",0.43770894417511,0.172091924508174,0.0852511873423752,0.7188483,0.06086822,0.38896263
"Siedlecka_2021","23_Siedlecka_2021",0.830426677232928,0.227687244936588,0.210117172278086,0.8185543,0.07253276,0.081245564
"Siedlecka_2021","24_Siedlecka_2021",0.778408505216829,0.279659485790542,0.225632958497799,0.8206573,0.08019161,0.114936024
"Siedlecka_2021","25_Siedlecka_2021",0.668605525441511,0.238035185793273,0.14711212987711,0.77666926,0.07192284,-0.032575175
"Siedlecka_2021","26_Siedlecka_2021",0.488333349628949,0.138202497486027,0.238770876071346,0.8556355,0.044403613,0.26282525
"Siedlecka_2021","27_Siedlecka_2021",0.490122550470665,0.160699543187467,0.611588892267164,0.95836294,0.04532346,0.1548791
"Siedlecka_2021","28_Siedlecka_2021",0.691079020130973,0.170836277331046,0.119621926947434,0.74917054,0.060970522,0.023187334
"Siedlecka_2021","29_Siedlecka_2021",0.384339129677476,0.141362977315672,0.11789344205528,0.74521106,0.07088084,-0.49125853
"Siedlecka_2021","30_Siedlecka_2021",0.731633999246136,0.231688429451229,0.793007919246605,0.92579603,0.18107934,0.31813022
"Siedlecka_2021","31_Siedlecka_2021",0.669292456948824,0.229102708715613,0.0638732714791289,0.68178904,0.054613214,0.12819768
"Siedlecka_2021","32_Siedlecka_2021",0.727617241005528,0.274017757131137,0.362817302530126,0.8844402,0.08773643,0.21977024
"Siedlecka_2021","33_Siedlecka_2021",0.737326918065382,0.251519558610006,0.150008031447389,0.7776578,0.06845242,-0.11119212
"Siedlecka_2021","34_Siedlecka_2021",0.695674775173227,0.295344003823671,0.109190370143925,0.74561155,0.057972014,0.17427097
"Siedlecka_2021","35_Siedlecka_2021",0.839473491173376,0.218231721073469,0.16227436456687,0.78072023,0.07258772,0.19865873
"Siedlecka_2021","36_Siedlecka_2021",0.841570354457572,0.27217729174899,0.368191465106042,0.894531,0.071865015,-0.1939021
"Siedlecka_2021","37_Siedlecka_2021",0.572450053705693,0.196295408795283,0.62692515897823,0.96127075,0.051129196,-0.3974587
"Siedlecka_2021","38_Siedlecka_2021",0.421662833175484,0.190185755600673,0.268956183271577,0.8109911,0.12389596,0.28017995
"Siedlecka_2021","39_Siedlecka_2021",0.645742891934206,0.204814694123795,0.477094266965901,0.9512036,0.03876757,0.04416157
"Siedlecka_2021","40_Siedlecka_2021",0.630918663796848,0.279535406076101,0.103404174375015,0.7337545,0.06803531,0.012574071
"Siedlecka_2021","41_Siedlecka_2021",0.5461758509384,0.144152013412142,0.390289323227495,0.92761266,0.04590492,0.39303347
"Siedlecka_2021","42_Siedlecka_2021",0.412813266848584,0.161765524507871,0.576819315472365,0.915879,0.12317759,-0.17491056
"Siedlecka_2021","43_Siedlecka_2021",0.915991618390238,0.187357765069793,0.541960074822571,0.8746028,0.19091867,-0.00056059775
"Siedlecka_2021","44_Siedlecka_2021",0.77610566853591,0.146766835927671,0.090142577532682,0.72194237,0.06817413,-0.4587813
"Siedlecka_2021","45_Siedlecka_2021",0.699777654252362,0.272302383046074,0.742059090624333,0.93599623,0.12985441,-0.18115468
"Siedlecka_2021","46_Siedlecka_2021",0.758380835810456,0.250164797339871,0.249907097595656,0.81591684,0.10290286,-0.11763904
"Siedlecka_2021","47_Siedlecka_2021",0.742665167411468,0.221766158601202,0.365569861568004,0.87184185,0.1072868,-0.16426472
"Siedlecka_2021","48_Siedlecka_2021",0.67590977443609,0.281578438628853,0.471977507095474,0.9315585,0.06105951,0.12849118
"Siedlecka_2021","49_Siedlecka_2021",0.589019936939122,0.186063960889074,0.25233654594506,0.82764584,0.09304561,0.1727248
"Siedlecka_2021","50_Siedlecka_2021",0.61739084214392,0.250128524979431,0.182583593813309,0.80252963,0.06772353,-0.33629373
"Siedlecka_2021","51_Siedlecka_2021",0.700741304875091,0.238553093970432,0.348858105732598,0.8748705,0.09082862,0.57606196
"Siedlecka_2021","52_Siedlecka_2021",0.598568142721843,0.218088241587464,0.40031651515136,0.8819767,0.1043706,0.4815018
"Siedlecka_2021","53_Siedlecka_2021",0.637677301361512,0.267681237569269,0.451193315422727,0.91454244,0.08106529,0.017380191
"Siedlecka_2021","54_Siedlecka_2021",0.746666533354663,0.214729654155614,0.963153549071052,0.9801914,0.045393374,-0.16093847
"VanBoxtel_2019_Expt1","1_VanBoxtel_2019_Expt1",0.454540337711069,0.316115975323859,0.521651506438558,0.9245338,0.10376876,-0.23990175
"VanBoxtel_2019_Expt1","2_VanBoxtel_2019_Expt1",0.704671669793621,0.361001598797802,1.68541191255394,0.80589646,2.3688502,-0.9568901
"VanBoxtel_2019_Expt1","3_VanBoxtel_2019_Expt1",0.641313320825516,0.345822957832648,0.774965973028784,0.90291816,0.2583942,-0.032500554
"VanBoxtel_2019_Expt1","4_VanBoxtel_2019_Expt1",0.627073170731707,0.315747025725831,0.57388015398192,0.94680417,0.077830926,0.71880126
"VanBoxtel_2019_Expt1","5_VanBoxtel_2019_Expt1",0.429155722326454,0.402331098763199,0.488486660282653,0.8593172,0.27750468,0.7424755
"VanBoxtel_2019_Expt1","6_VanBoxtel_2019_Expt1",0.554015009380863,0.401074607555616,0.1036513673098,0.756106,0.08506516,0.3256988
"VanBoxtel_2019_Expt1","7_VanBoxtel_2019_Expt1",0.876998123827392,0.203862562286114,0.783836294426951,0.9615587,0.08481109,-0.9108633
"VanBoxtel_2019_Expt1","8_VanBoxtel_2019_Expt1",0.465684803001876,0.329902349435632,0.455810931059151,0.7974268,0.44893357,-0.3199137
"VanBoxtel_2019_Expt1","9_VanBoxtel_2019_Expt1",0.653076923076923,0.209459136525196,1.28052377055364,0.8752477,0.69246596,0.58436126
"VanBoxtel_2019_Expt1","10_VanBoxtel_2019_Expt1",0.336285178236398,0.300129023108967,0.30981285184292,0.9047629,0.061136518,0.3122557
"VanBoxtel_2019_Expt1","11_VanBoxtel_2019_Expt1",0.569906191369606,0.360202527797531,0.728076259880105,0.98195446,0.028358553,0.6622125
"VanBoxtel_2019_Expt1","12_VanBoxtel_2019_Expt1",0.429568480300188,0.428808053609864,0.486811205220107,0.9230252,0.09437595,0.012306326
"VanBoxtel_2019_Expt1","13_VanBoxtel_2019_Expt1",0.452063789868668,0.357039689822479,0.540053178408744,0.8427519,0.2703674,0.28219333
"VanBoxtel_2019_Expt1","14_VanBoxtel_2019_Expt1",0.500562851782364,0.422020509019898,0.632993915442829,0.9543465,0.068818845,0.31209034
"VanBoxtel_2019_Expt1","15_VanBoxtel_2019_Expt1",0.511913696060038,0.446469774038733,0.190918505885695,0.80787426,0.09940099,0.031644057
"VanBoxtel_2019_Expt1","16_VanBoxtel_2019_Expt1",0.27891181988743,0.394973507584679,0.756921995464559,0.86038035,0.4016445,-0.25146693
"VanBoxtel_2019_Expt1","17_VanBoxtel_2019_Expt1",0.612007504690432,0.238917898338316,0.340524979977521,0.7906173,0.4101456,0.076816715
"VanBoxtel_2019_Expt1","18_VanBoxtel_2019_Expt1",0.474352720450281,0.444397544027263,0.408364204108905,0.82898176,0.22963521,0.8581635
"VanBoxtel_2019_Expt1","19_VanBoxtel_2019_Expt1",0.582288930581614,0.365288665075081,0.155390815979954,0.7817088,0.09476893,0.39330512
"VanBoxtel_2019_Expt1","20_VanBoxtel_2019_Expt1",0.552776735459662,0.317392843855628,1.30480195603091,0.953743,0.22182712,0.41607592
"VanBoxtel_2019_Expt1","21_VanBoxtel_2019_Expt1",0.239493433395872,0.344812522459978,0.271898154594135,0.8469556,0.11841058,-0.07868213
"VanBoxtel_2019_Expt1","22_VanBoxtel_2019_Expt1",0.685272045028143,0.359888608010142,0.470318852315137,0.9247407,0.091152124,-0.049002357
"VanBoxtel_2019_Expt1","23_VanBoxtel_2019_Expt1",0.276022514071295,0.34434016928564,0.334721462038981,0.8645093,0.12192126,-0.6938911
"VanBoxtel_2019_Expt1","24_VanBoxtel_2019_Expt1",0.708799249530957,0.395377937853915,1.75419513668847,0.89862436,1.1166563,-0.39184576
"VanBoxtel_2019_Expt1","25_VanBoxtel_2019_Expt1",0.309043151969981,0.348669773249049,0.0901945047656251,0.7182567,0.08637499,0.21346271
"VanBoxtel_2019_Expt1","27_VanBoxtel_2019_Expt1",0.728611632270169,0.297364432383621,0.891550240928339,0.9180817,0.2385329,-1.1092563
"VanBoxtel_2019_Expt1","28_VanBoxtel_2019_Expt1",0.500562851782364,0.413208615708812,0.0787772465008056,0.72090524,0.06168733,-0.23105621
"VanBoxtel_2019_Expt1","29_VanBoxtel_2019_Expt1",0.475384615384615,0.433287588336222,0.135378180984206,0.78109753,0.08678796,-0.17625839
"VanBoxtel_2019_Expt1","30_VanBoxtel_2019_Expt1",0.350525328330206,0.323679524755674,0.104990107074133,0.7074564,0.10103069,0.23190668
"VanBoxtel_2019_Expt1","31_VanBoxtel_2019_Expt1",0.591782363977486,0.381989079995371,0.594477343228858,0.9305024,0.12833585,-0.12196962
"VanBoxtel_2019_Expt1","32_VanBoxtel_2019_Expt1",0.519136960600375,0.35610429436346,0.72723886709204,0.8579786,0.3842582,-0.045667477
"VanBoxtel_2019_Expt1","33_VanBoxtel_2019_Expt1",0.538742964352721,0.352663717968594,0.248500365607955,0.84264636,0.105102114,0.7545886
"VanBoxtel_2019_Expt1","34_VanBoxtel_2019_Expt1",0.401913696060038,0.356954809431468,0.385929150816544,0.88616043,0.123929836,-0.23965712
"VanBoxtel_2019_Expt1","35_VanBoxtel_2019_Expt1",0.780825515947467,0.330892628149295,0.164050757837549,0.78800565,0.10290842,0.0854434
"VanBoxtel_2019_Expt1","36_VanBoxtel_2019_Expt1",0.465272045028143,0.350875943636118,1.0611405235475,0.89389604,0.44118494,-0.25709987
"VanBoxtel_2019_Expt1","37_VanBoxtel_2019_Expt1",0.473939962476548,0.410571641420437,0.95023717650497,0.752803,1.3285156,-0.4334866
"VanBoxtel_2019_Expt1","39_VanBoxtel_2019_Expt1",0.683827392120075,0.379215955824093,1.07175264634376,0.97964424,0.06744446,0.36914867
"VanBoxtel_2019_Expt1","40_VanBoxtel_2019_Expt1",0.583114446529081,0.387918363971804,0.224123848897094,0.7748704,0.14748955,0.24926728
"VanBoxtel_2019_Expt1","41_VanBoxtel_2019_Expt1",0.436998123827392,0.32098155058547,0.272016882287579,0.83228266,0.1306957,-0.014088552
"VanBoxtel_2019_Expt1","43_VanBoxtel_2019_Expt1",0.545966228893058,0.351703597701275,0.202714084720488,0.792896,0.1446247,-0.20295046
"VanBoxtel_2019_Expt1","44_VanBoxtel_2019_Expt1",0.236397748592871,0.357782814809698,0.0986779471175563,0.75264704,0.063554645,0.052396026
"VanBoxtel_2019_Expt1","45_VanBoxtel_2019_Expt1",0.520375234521576,0.422086549900091,0.593031180239257,0.85876626,0.48438206,-0.16686623
"VanBoxtel_2019_Expt2","1_VanBoxtel_2019_Expt2",0.602720450281426,0.28110441278893,0.774330096754888,0.88367516,0.3116943,-0.81465024
"VanBoxtel_2019_Expt2","2_VanBoxtel_2019_Expt2",0.643996247654784,0.368264512171054,0.360113153529995,0.9077797,0.08209814,-0.14641148
"VanBoxtel_2019_Expt2","3_VanBoxtel_2019_Expt2",0.470844277673546,0.275853392236208,0.210905990108533,0.85367686,0.08086491,-0.05610042
"VanBoxtel_2019_Expt2","4_VanBoxtel_2019_Expt2",0.426266416510319,0.25021844087076,0.168559966309417,0.8160626,0.12507784,0.23131457
"VanBoxtel_2019_Expt2","5_VanBoxtel_2019_Expt2",0.452889305816135,0.305538826661528,0.507162044840337,0.87681925,0.25212964,0.900466
"VanBoxtel_2019_Expt2","6_VanBoxtel_2019_Expt2",0.0956472795497186,0.177685905511137,0.906417998001605,0.95301574,0.13311468,-0.43116432
"VanBoxtel_2019_Expt2","7_VanBoxtel_2019_Expt2",0.754202626641651,0.407264415765164,0.159955695915703,0.8342635,0.0801594,-0.87511754
"VanBoxtel_2019_Expt2","8_VanBoxtel_2019_Expt2",0.319155722326454,0.327992872325121,0.790846369736757,0.9362551,0.15807064,-0.03116913
"VanBoxtel_2019_Expt2","9_VanBoxtel_2019_Expt2",0.835515947467167,0.184174492381932,0.915868241398225,0.9457129,0.13843523,0.55279577
"VanBoxtel_2019_Expt2","10_VanBoxtel_2019_Expt2",0.676810506566604,0.327337586994689,0.444521546176703,0.9252077,0.067575485,-0.63701797
"VanBoxtel_2019_Expt2","11_VanBoxtel_2019_Expt2",0.36827392120075,0.282522204453177,0.541008919987354,0.96135354,0.039212942,-0.11443415
"VanBoxtel_2019_Expt2","12_VanBoxtel_2019_Expt2",0.602101313320826,0.415990260839624,0.560243712784119,0.88622856,0.2160135,0.45257896
"VanBoxtel_2019_Expt2","13_VanBoxtel_2019_Expt2",0.709831144465291,0.292529273279248,0.873652464946093,0.9389695,0.19508724,-1.0823822
"VanBoxtel_2019_Expt2","15_VanBoxtel_2019_Expt2",0.596941838649156,0.254123374281207,0.818032875775892,0.88105243,0.3178218,-0.5419383
"VanBoxtel_2019_Expt2","16_VanBoxtel_2019_Expt2",0.268799249530957,0.253174209932916,1.47922052133307,0.8881694,0.78557473,-0.2892663
"VanBoxtel_2019_Expt2","19_VanBoxtel_2019_Expt2",0.162926829268293,0.1952846874715,0.205489075790758,0.8505973,0.0763969,0.014112977
"VanBoxtel_2019_Expt2","20_VanBoxtel_2019_Expt2",0.539362101313321,0.378156013839647,0.719465890233069,0.964568,0.061491124,1.1325127
"VanBoxtel_2019_Expt2","22_VanBoxtel_2019_Expt2",0.422757973733583,0.371247042133352,0.18741149976083,0.81017166,0.102610126,0.5738804
"VanBoxtel_2019_Expt2","23_VanBoxtel_2019_Expt2",0.464446529080675,0.354837731231869,0.568926638062052,0.8988002,0.18209614,2.223559
"VanBoxtel_2019_Expt2","24_VanBoxtel_2019_Expt2",0.558761726078799,0.348609384935495,0.267615300358531,0.84938145,0.09116746,0.67190313
"VanBoxtel_2019_Expt2","25_VanBoxtel_2019_Expt2",0.761013133208255,0.24115434575334,1.08597188768107,0.9026775,0.426587,0.93954873
"VanBoxtel_2019_Expt2","26_VanBoxtel_2019_Expt2",0.713133208255159,0.285452238329129,0.372305816436481,0.8143485,0.22480604,-0.034819447
"VanBoxtel_2019_Expt2","27_VanBoxtel_2019_Expt2",0.626866791744841,0.467834065168748,1.26080413382726,0.96438783,0.17995396,-1.5256206
"VanBoxtel_2019_Expt2","28_VanBoxtel_2019_Expt2",0.733151969981238,0.410393682959821,0.689078993173145,0.9392366,0.11472774,1.284054
"VanBoxtel_2019_Expt2","29_VanBoxtel_2019_Expt2",0.636360225140713,0.361759205096483,0.406338695586351,0.87829787,0.12927678,1.1676989
"VanBoxtel_2019_Expt2","30_VanBoxtel_2019_Expt2",0.52656660412758,0.377660815116561,0.638224924066324,0.8893688,0.2079163,0.07769735
"VanBoxtel_2019_Expt2","32_VanBoxtel_2019_Expt2",0.112983114446529,0.158635985229766,0.819819304370227,0.8599444,0.37616068,0.12441866
"VanBoxtel_2019_Expt2","34_VanBoxtel_2019_Expt2",0.677016885553471,0.307251400923198,0.544219310962128,0.8953028,0.24684484,1.1293899
"VanBoxtel_2019_Expt2","35_VanBoxtel_2019_Expt2",0.778761726078799,0.340099694779353,0.849666567438464,0.965653,0.07460161,0.1567427
"VanBoxtel_2019_Expt2","36_VanBoxtel_2019_Expt2",0.26343339587242,0.226215601879224,0.0812298322790615,0.7592657,0.04366923,-0.33299598
"VanBoxtel_2019_Expt2","37_VanBoxtel_2019_Expt2",0.205028142589118,0.267817365493847,2.3267124417139,0.7206014,5.0392966,-0.55447584
"Wang_2018","3_Wang_2018",0.860258449304175,0.251813408761038,0.213404732157536,0.7928198,0.09941033,-0.5791812
"Wang_2018","4_Wang_2018",0.446822709163347,0.30807805871517,0.342521502441437,0.85965055,0.10785008,0.36566934
"Wang_2018","7_Wang_2018",0.750512048192771,0.347183680352114,0.668520755150492,0.94454235,0.091219775,0.67710173
"Wang_2018","8_Wang_2018",0.873051689860835,0.225214110857225,0.366413079631639,0.8394082,0.1728006,-0.7167051
"Wang_2018","10_Wang_2018",0.548350305498982,0.394503469236587,0.234384240677459,0.79116637,0.12711681,0.32889432
"Wang_2018","11_Wang_2018",0.786586826347305,0.275492517041947,0.828344055423655,0.93514496,0.1694025,0.47241423
"Wang_2018","12_Wang_2018",0.780546719681909,0.304638361306414,0.160623710670961,0.774235,0.10444024,0.061105993
"Wang_2018","14_Wang_2018",0.723236472945892,0.374470437587391,0.363963836007741,0.855607,0.13507473,0.2265164
"Wang_2018","15_Wang_2018",0.890881763527054,0.254605814014953,0.115694901822841,0.74894565,0.0832157,0.6844577
"Wang_2018","17_Wang_2018",0.63766,0.337583544769882,0.213310663586772,0.7845773,0.13239618,-0.11976258
"Wang_2018","18_Wang_2018",0.640805168986084,0.377614125928465,0.312037337602297,0.7921903,0.22929254,-0.2949124
"Wang_2018","20_Wang_2018",0.74854,0.253593153248958,0.0995437607173753,0.7262136,0.10758864,0.28562132
"Wang_2018","23_Wang_2018",0.601633466135458,0.371944935501812,0.148520761681596,0.75245523,0.09719655,-0.31230155
"Wang_2018","24_Wang_2018",0.713578629032258,0.355235227042953,0.230403006024076,0.8225549,0.09008053,-0.48093876
"Wang_2018","25_Wang_2018",0.855049800796813,0.267174256512999,0.748432143037507,0.91525847,0.22785793,0.5952994
"Wang_2018","27_Wang_2018",0.844512922465209,0.274495029548843,0.237804746902938,0.80778325,0.13107035,0.24650678
"Wang_2018","28_Wang_2018",0.566013916500994,0.332392429061762,0.362623087550881,0.7242275,0.51625675,-0.33869335
"Wang_2018","29_Wang_2018",0.623091451292247,0.299171058589049,0.88220828031574,0.9590768,0.116743155,-0.6989441
"Wang_2018","30_Wang_2018",0.619155069582505,0.379618349718993,0.133869440418644,0.76776826,0.09824667,0.58026606
"Wang_2018","31_Wang_2018",0.567982107355865,0.270452906398903,0.259195044510561,0.82121986,0.10973152,-1.2205818
"Wang_2018","34_Wang_2018",0.39949203187251,0.326668282211556,0.104772018274195,0.72088784,0.083551265,0.25205734
"Wang_2018","35_Wang_2018",0.423657314629259,0.272141589951866,0.383312512624908,0.81299466,0.2308747,-0.13122919
"Wang_2018","36_Wang_2018",0.386953907815631,0.346926609196287,0.186509424708712,0.7773242,0.12803008,0.1641541
"Yeon_unpub_Exp2","1_Yeon_unpub_Exp2",0.643566958698373,0.3079394981908,0.777668761748677,0.88106847,0.30046064,-0.062130317
"Yeon_unpub_Exp2","2_Yeon_unpub_Exp2",0.34,0.283751718222084,0.165672187626894,0.8525673,0.05300365,0.05110211
"Yeon_unpub_Exp2","3_Yeon_unpub_Exp2",0.502728410513141,0.317719497795698,0.205727899134436,0.8546063,0.07413393,0.3496292
"Yeon_unpub_Exp2","4_Yeon_unpub_Exp2",0.390387984981227,0.30358752959589,0.160439895327649,0.85297614,0.05380735,0.5000365
"Yeon_unpub_Exp2","5_Yeon_unpub_Exp2",0.556420525657071,0.338240254187917,4.31295703409423,0.92015713,5.4745283,-0.28768805
"Yeon_unpub_Exp2","6_Yeon_unpub_Exp2",0.667521902377972,0.291334526316304,0.746651181978169,0.868373,0.33518034,-0.16882047
"Yeon_unpub_Exp2","8_Yeon_unpub_Exp2",0.700976220275344,0.340173254081228,0.414693088171676,0.8738897,0.13346313,0.356935
"Yeon_unpub_Exp2","9_Yeon_unpub_Exp2",0.810012515644556,0.277224653692799,1.15744841563182,0.9041178,0.42174074,0.6576669
"Yeon_unpub_Exp2","10_Yeon_unpub_Exp2",0.462252816020025,0.39031146378355,0.222777988261111,0.860606,0.069505446,0.17590097
"Yeon_unpub_Exp2","11_Yeon_unpub_Exp2",0.70386733416771,0.101561430830597,2.48281771593927,0.9026984,1.7220469,0.28360492
"Yeon_unpub_Exp2","12_Yeon_unpub_Exp2",0.235919899874844,0.274093856548234,0.141897425737425,0.84226304,0.060024325,0.90962505
"Yeon_unpub_Exp2","13_Yeon_unpub_Exp2",0.487859824780976,0.293118314407463,1.57219751989231,0.8990933,0.7541747,0.09555382
"Yeon_unpub_Exp2","14_Yeon_unpub_Exp2",0.639436795994994,0.402498846584063,0.625358679254569,0.87427825,0.2579456,1.3053855
"Yeon_unpub_Exp2","15_Yeon_unpub_Exp2",0.527509386733417,0.387097262099996,0.666174732961742,0.86402154,0.2740287,0.115854315
"Yeon_unpub_Exp2","16_Yeon_unpub_Exp2",0.434993742177722,0.235902190153433,0.475506955747037,0.8972039,0.10494897,-0.12394823
"Yeon_unpub_Exp2","17_Yeon_unpub_Exp2",0.301589486858573,0.20036208249033,0.483849130644794,0.8809676,0.14852412,0.46613657
"Yeon_unpub_Exp2","18_Yeon_unpub_Exp2",0.471752190237797,0.333218050742205,0.701555388665084,0.8768949,0.26448834,-0.14224862
"Yeon_unpub_Exp2","19_Yeon_unpub_Exp2",0.465143929912391,0.308652497106374,1.23220693306067,0.85125166,0.86168164,0.80798507
"Yeon_unpub_Exp2","20_Yeon_unpub_Exp2",0.495707133917397,0.357991080014707,0.153097299891703,0.84310055,0.059439737,-0.1704928
"Yeon_unpub_Exp2","22_Yeon_unpub_Exp2",0.499837296620776,0.336055325079796,1.24861718029679,0.88216794,0.67418915,-0.0511654
"Yeon_unpub_Exp2","24_Yeon_unpub_Exp2",0.895919899874844,0.194256821950158,0.541765472221002,0.9072948,0.12215102,1.2639686
"Yeon_unpub_Exp2","25_Yeon_unpub_Exp2",0.910375469336671,0.219813338901205,0.233742639073457,0.8725056,0.0597187,-0.025520677
"Yeon_unpub_Exp2","26_Yeon_unpub_Exp2",0.540312891113892,0.287241268077454,0.747591243738959,0.9000671,0.20923989,0.16948637
"Yeon_unpub_Exp2","28_Yeon_unpub_Exp2",0.708410513141427,0.228372473508198,0.145895376284365,0.8500331,0.049715087,-0.36000335
"Yeon_unpub_Exp2","29_Yeon_unpub_Exp2",0.439123904881101,0.313873022259043,1.00841212121995,0.8915564,0.4081592,-0.40883455
"Yeon_unpub_Exp2","30_Yeon_unpub_Exp2",0.477947434292866,0.296540271416429,0.387659041035146,0.90405923,0.073263645,0.022797374
"Yeon_unpub_Exp2","31_Yeon_unpub_Exp2",0.546508135168961,0.266671579756874,0.662922396164343,0.8753165,0.24839447,0.39450565
"Yeon_unpub_Exp2","32_Yeon_unpub_Exp2",0.692715894868586,0.291629263283329,0.33331792358158,0.8704802,0.103058256,-0.030456934
"Yeon_unpub_Exp2","33_Yeon_unpub_Exp2",0.488272841051314,0.270882750118188,0.245361543453348,0.8558707,0.08346149,0.57188666
"Yeon_unpub_Exp2","34_Yeon_unpub_Exp2",0.510162703379224,0.263698579656742,1.96228379759334,0.8793896,1.4200741,-0.23203537
"Yeon_unpub_Exp2","35_Yeon_unpub_Exp2",0.503967459324155,0.256932753930935,0.343104413126779,0.87889224,0.09314879,0.3274156
"Yeon_unpub_Exp2","36_Yeon_unpub_Exp2",0.341652065081352,0.26893184067704,0.783794776343894,0.88325346,0.30659485,0.5845696
"Yeon_unpub_Exp2","37_Yeon_unpub_Exp2",0.523792240300375,0.326081023634923,0.158991858116185,0.8534475,0.050572705,-0.18242832
"Yeon_unpub_Exp2","38_Yeon_unpub_Exp2",0.550225281602003,0.232097225569225,1.23194078160248,0.9235308,0.35979402,0.6332726
